﻿<?xml version="1.0" encoding="UTF-8"?>

<OZCHARTRESOURCE VERSION="2.0">
	<CLASS NAME="柱形折线图" TYPE="0">
		<TYPE NAME="折线图" IMAGE="Line_0">折线图,显示随时间或类别而变化的趋势线</TYPE>
		<TYPE NAME="堆积折线图" IMAGE="Line_1">堆积折线图,显示每一数值所占大小随时间或类别而变化的趋势线</TYPE>
		<TYPE NAME="百分比堆积折线图" IMAGE="Line_2">百分比堆积折线图,显示每一数值所占百分比随时间或类别而变化的趋势线</TYPE>
		<TYPE NAME="数据点折线图" IMAGE="Line_3">数据点折线图</TYPE>
		<TYPE NAME="堆积数据点折线图" IMAGE="Line_4">堆积数据点折线图</TYPE>
		<TYPE NAME="百分比堆积数据点折线图" IMAGE="Line_5">百分比堆积数据点折线图</TYPE>
		<TYPE NAME="三维折线图" IMAGE="Line_6">三维折线图</TYPE>
		<TYPE NAME="可旋转三维折线图" IMAGE="Line_7">可旋转三维折线图</TYPE>
		<TYPE NAME="三维折线图" IMAGE="Line_8">三维折线图</TYPE>
		<TYPE NAME="可旋转三维折线图" IMAGE="Line_9">可旋转三维折线图</TYPE>
	</CLASS>
	<CLASS NAME="条形折线图" TYPE="13">
		<TYPE NAME="折线图" IMAGE="HLine_0">折线图,显示随时间或类别而变化的趋势线</TYPE>
		<TYPE NAME="堆积折线图" IMAGE="HLine_1">堆积折线图,显示每一数值所占大小随时间或类别而变化的趋势线</TYPE>
		<TYPE NAME="百分比堆积折线图" IMAGE="HLine_2">百分比堆积折线图,显示每一数值所占百分比随时间或类别而变化的趋势线</TYPE>
		<TYPE NAME="数据点折线图" IMAGE="HLine_3">数据点折线图</TYPE>
		<TYPE NAME="堆积数据点折线图" IMAGE="HLine_4">堆积数据点折线图</TYPE>
		<TYPE NAME="百分比堆积数据点折线图" IMAGE="HLine_5">百分比堆积数据点折线图</TYPE>
	</CLASS>
	<CLASS NAME="柱形图" TYPE="1">
		<TYPE NAME="簇状柱形图" IMAGE="Bar_0">簇状柱形图,比较相交于类别轴上的数值大小</TYPE>
		<TYPE NAME="堆积柱形图" IMAGE="Bar_1">堆积柱形图,比较相交于类别轴上的每一数值所占总数值的大小</TYPE>
		<TYPE NAME="百分比堆积柱形图" IMAGE="Bar_2">百分比堆积柱形图，比较相交于类别轴上的每一数值所占总数值的百分比大小</TYPE>
		<TYPE NAME="三维簇状柱形图" IMAGE="Bar_3">三维簇状柱形柱形图</TYPE>
		<TYPE NAME="三维堆积柱形图" IMAGE="Bar_4">三维堆积柱形柱形图</TYPE>
		<TYPE NAME="三维百分比堆积柱形图" IMAGE="Bar_5">三维百分比堆积柱形柱形图</TYPE>
		<TYPE NAME="三维柱形图" IMAGE="Bar_6">三维柱形图</TYPE>
		<TYPE NAME="可旋转三维柱形图" IMAGE="Bar_7">可旋转三维柱形图</TYPE>
		<TYPE NAME="三维柱形图" IMAGE="Bar_8">三维柱形图</TYPE>
		<TYPE NAME="可旋转三维柱形图" IMAGE="Bar_9">可旋转三维柱形图</TYPE>
	</CLASS>
	<CLASS NAME="条形图" TYPE="2">
		<TYPE NAME="簇状条形图" IMAGE="HBar_0">簇状条形图,比较相交于类别轴上的数值大小</TYPE>
		<TYPE NAME="堆积条形图" IMAGE="HBar_1">堆积条形图,比较相交于类别轴上的每一数值所占总数值的大小</TYPE>
		<TYPE NAME="百分比堆积条形图" IMAGE="HBar_2">百分比堆积条形图,比较相交于类别轴上的每一数值所占总数值的百分比大小</TYPE>
		<TYPE NAME="三维簇状条形图" IMAGE="HBar_3">三维簇状条形图(3D)</TYPE>
		<TYPE NAME="三维堆积条形图" IMAGE="HBar_4">三维堆积条形图</TYPE>
		<TYPE NAME="三维百分比堆积条形图" IMAGE="HBar_5">三维百分比堆积条形图</TYPE>
		
	</CLASS>
	<CLASS NAME="柱形圆柱图" TYPE="3">
		<TYPE NAME="簇状柱形圆柱图" IMAGE="Cylinder_0">簇状柱形圆柱图,比较相交于类别轴上的数值大小</TYPE>
		<TYPE NAME="堆积柱形圆柱图" IMAGE="Cylinder_1">堆积柱形圆柱图,比较相交于类别轴上的每一数值所占总数值的大小</TYPE>
		<TYPE NAME="百分比堆积柱形圆柱图" IMAGE="Cylinder_2">百分比堆积柱形圆柱图,比较相交于类别轴上的每一数值所占总数值的百分比大小</TYPE>
		<TYPE NAME="三维簇状柱形圆柱图" IMAGE="Cylinder_3">三维簇状柱形圆柱图</TYPE>
		<TYPE NAME="三维堆积柱形圆柱图" IMAGE="Cylinder_4">三维堆积柱形圆柱图</TYPE>
		<TYPE NAME="三维百分比堆积柱形圆柱图" IMAGE="Cylinder_5">三维百分比堆积柱形圆柱图</TYPE>
		<TYPE NAME="可旋转柱形圆柱图" IMAGE="Cylinder_6">可旋转柱形圆柱图</TYPE>
		<TYPE NAME="可旋转柱形圆柱图" IMAGE="Cylinder_7">可旋转柱形圆柱图</TYPE>
	</CLASS>
	<CLASS NAME="条形圆柱图" TYPE="4">
		<TYPE NAME="簇状条形圆柱图" IMAGE="HCylinder_0">簇状条形圆柱图,比较相交于类别轴上的数值大小</TYPE>
		<TYPE NAME="堆积条形圆柱图" IMAGE="HCylinder_1">堆积条形圆柱图,比较相交于类别轴上的每一数值所占总数值的大小</TYPE>
		<TYPE NAME="百分比堆积条形圆柱图" IMAGE="HCylinder_2">百分比堆积条形圆柱图,比较相交于类别轴上的每一数值所占总数值的百分比大小</TYPE>
		<TYPE NAME="三维簇状条形圆柱图" IMAGE="HCylinder_3">三维簇状条形圆柱图</TYPE>
		<TYPE NAME="三维堆积条形圆柱图" IMAGE="HCylinder_4">三维堆积条形圆柱图</TYPE>
		<TYPE NAME="三维百分比堆积条形圆柱图" IMAGE="HCylinder_5">三维百分比堆积条形圆柱图</TYPE>
	</CLASS>
	<CLASS NAME="圆锥图" TYPE="5">
		<TYPE NAME="三维簇状柱形圆锥图" IMAGE="Cone_0">三维簇状柱形圆锥图</TYPE>
		<TYPE NAME="三维堆积柱形圆锥图" IMAGE="Cone_1">三维堆积柱形圆锥图</TYPE>
		<TYPE NAME="三维百分比堆积柱形圆锥图" IMAGE="Cone_2">三维百分比堆积柱形圆锥图</TYPE>
		<TYPE NAME="三维簇状条形圆锥图" IMAGE="Cone_3">三维簇状条形圆锥图</TYPE>
		<TYPE NAME="三维堆积条形圆锥图" IMAGE="Cone_4">三维堆积条形圆锥图</TYPE>
		<TYPE NAME="百分比堆积条形圆锥图" IMAGE="Cone_5">百分比堆积条形圆锥图</TYPE>
		<TYPE NAME="三维柱形圆锥图" IMAGE="Cone_6">三维柱形圆锥图</TYPE>
		<TYPE NAME="三维柱形圆锥图" IMAGE="Cone_7">三维柱形圆锥图</TYPE>
	</CLASS>
	<CLASS NAME="棱椎图" type="6">
		<TYPE NAME="三维簇状柱形棱椎图" IMAGE="Pyramid_0">三维簇状柱形棱椎图</TYPE>
		<TYPE NAME="三维堆积柱形棱椎图" IMAGE="Pyramid_1">三维堆积柱形棱椎图</TYPE>
		<TYPE NAME="三维百分比堆积柱形棱椎图" IMAGE="Pyramid_2">三维百分比堆积柱形棱椎图</TYPE>
		<TYPE NAME="三维簇状条形棱椎图" IMAGE="Pyramid_3">三维簇状条形棱椎图</TYPE>
		<TYPE NAME="三维堆积条形棱椎图" IMAGE="Pyramid_4">三维堆积条形棱椎图</TYPE>
		<TYPE NAME="百分比堆积条形棱椎图" IMAGE="Pyramid_5">百分比堆积条形棱椎图</TYPE>
		<TYPE NAME="三维柱形棱椎图" IMAGE="Pyramid_6">三维柱形棱椎图</TYPE>
		<TYPE NAME="三维柱形棱椎图" IMAGE="Pyramid_7">三维柱形棱椎图</TYPE>
	</CLASS>
	<CLASS NAME="柱形面积图" TYPE="7">
		<TYPE NAME="柱形面积图" IMAGE="Area_0">柱形面积图,显示随时间或类别而变化的趋势</TYPE>
		<TYPE NAME="堆积柱形面积图" IMAGE="Area_1">堆积柱形面积图,显示每一数值所占大小随时间或类别而变化的趋势</TYPE>
		<TYPE NAME="百分比堆积柱形面积图" IMAGE="Area_2">百分比堆积柱形面积图,显示每一数值所占百分比随时间或类别而变化的趋势</TYPE>
		<TYPE NAME="三维柱形面积图" IMAGE="Area_3">三维柱形面积图</TYPE>
		<TYPE NAME="三维堆积柱形面积图" IMAGE="Area_4">三维堆积柱形面积图</TYPE>
		<TYPE NAME="百分比三维堆积柱形面积图" IMAGE="Area_5">百分比三维堆积柱形面积图</TYPE>
		<TYPE NAME="可旋转三维柱形面积图" IMAGE="Area_6">可旋转三维柱形面积图</TYPE>
		<TYPE NAME="三维柱形面积图" IMAGE="Area_7">三维柱形面积图</TYPE>
		<TYPE NAME="可旋转三维柱形面积图" IMAGE="Area_8">可旋转三维柱形面积图</TYPE>
	</CLASS>
	<CLASS NAME="条形面积图" TYPE="14">
		<TYPE NAME="条形面积图" IMAGE="HArea_0">条形面积图,显示随时间或类别而变化的趋势</TYPE>
		<TYPE NAME="堆积条形面积图" IMAGE="HArea_1">堆积条形面积图,显示每一数值所占大小随时间或类别而变化的趋势</TYPE>
		<TYPE NAME="百分比堆积条形面积图" IMAGE="HArea_2">百分比堆积条形面积图,显示每一数值所占百分比随时间或类别而变化的趋势</TYPE>
		<TYPE NAME="三维堆积条形面积图" IMAGE="HArea_4">三维堆积条形面积图</TYPE>
		<TYPE NAME="百分比三维堆积条形面积图" IMAGE="HArea_5">百分比三维堆积条形面积图</TYPE>
	</CLASS>
	<CLASS NAME="散点图" TYPE="8">
		<TYPE NAME="散点图" IMAGE="Scatter_0">散点图,显示随时间或类别而变化的趋势</TYPE>
		<TYPE NAME="柱形散点图" IMAGE="Scatter_0">柱形散点图,显示随时间或类别而变化的趋势</TYPE>
		<TYPE NAME="条形散点图" IMAGE="Scatter_1">条形散点图,显示随时间或类别而变化的趋势</TYPE>
	</CLASS>

	<CLASS NAME="饼图" TYPE="9">
		<TYPE NAME="饼图" IMAGE="Pie_0">饼图,显示各项目的占总和的比重</TYPE>
		<TYPE NAME="分离型饼图" IMAGE="Pie_3">分裂式饼图,显示各项目的占总和的比重</TYPE>
		<TYPE NAME="三维饼图" IMAGE="Pie_1">三维饼图</TYPE>
		<TYPE NAME="三维分离型饼图" IMAGE="Pie_4">三维分离型饼图</TYPE>
	</CLASS>
	<CLASS NAME="雷达图" TYPE="10">
		<TYPE NAME="雷达图" IMAGE="Radiant_0">雷达图,显示距离中心的偏移情形.</TYPE>
		<TYPE NAME="堆积雷达图" IMAGE="Radiant_1">堆积雷达图,显示距离中心的比重偏移情形.</TYPE>
		<TYPE NAME="百分比堆积雷达图" IMAGE="Radiant_2">百分比堆积雷达图,显示距离中心的偏移比重百分比情形.</TYPE>
		<TYPE NAME="数据点雷达图" IMAGE="Radiant_3">数据点雷达图,显示距离中心的偏移情形.</TYPE>
		<TYPE NAME="百分比数据点雷达图" IMAGE="Radiant_4">百分比数据点雷达图,显示距离中心的偏移比重百分比情形.</TYPE>
		<TYPE NAME="百分比堆积数据点雷达图" IMAGE="Radiant_5">百分比堆积数据点雷达图,显示距离中心的偏移比重百分比情形.(可旋转)</TYPE>
	</CLASS>
	
	<CLASS NAME="测量图" TYPE="15">
		<TYPE NAME="测量图" IMAGE="Gauge_0">测量图</TYPE>
	</CLASS>
	<CLASS NAME="阶段图" TYPE="11">
		<TYPE NAME="柱形阶段图" IMAGE="Step_0">柱形阶段图</TYPE>
		<TYPE NAME="条形阶段图" IMAGE="Step_1">条形阶段图</TYPE>
	</CLASS>
	<CLASS NAME="自定义图" TYPE="12">
		<TYPE NAME="柱形自定义图" IMAGE="Custom_0">柱形自定义图</TYPE>
		<TYPE NAME="堆积柱形自定义图" IMAGE="Custom_1">堆积柱形自定义图</TYPE>
		<TYPE NAME="百分比堆积柱形自定义图" IMAGE="Custom_2">百分比堆积柱形自定义图</TYPE>
		<TYPE NAME="条形自定义图" IMAGE="Custom_3">条形自定义图</TYPE>
		<TYPE NAME="堆积条形自定义图" IMAGE="Custom_4">堆积条形自定义图</TYPE>
		<TYPE NAME="百分比堆积条形自定义图" IMAGE="Custom_5">百分比堆积条形自定义图</TYPE>
	</CLASS>
</OZCHARTRESOURCE>
