<?xml version="1.0" encoding="UTF-8"?>
<SERVERMESSAGERESOURCE VERSION="2.0">
	<TYPE code="10101000"></TYPE>
	<TYPE code="10101001">不能生成数据模块</TYPE>
	<TYPE code="10101002">不能传送数据模块。请检查网络。</TYPE>
	<TYPE code="10101003">在数据模块中不能找到设定的数据集。</TYPE>
	<TYPE code="10101004">不适当的参数语法</TYPE>
	<TYPE code="10101005">不能读取动态的字段信息</TYPE>
	<TYPE code="10101006">在生成数据模块中失败读取数据</TYPE>
	<TYPE code="10101007">报表信息和实际数据没有匹配数据类型</TYPE>
	<TYPE code="10101008">编译脚本当中发生错误</TYPE>
	<TYPE code="10101009">通过HTTP协议不能读取数据</TYPE>
	<TYPE code="10101010">不适当的URL。 通过HTTP协议不能读取数据</TYPE>
	<TYPE code="10101011">在文件数据源设定的文件不存在</TYPE>
	<TYPE code="10101012">从文件不能读取数据</TYPE>
	<TYPE code="10101013">参数值是空值</TYPE>
	<TYPE code="10101014">数据模块不能传送</TYPE>
	<TYPE code="10102000"></TYPE>
	<TYPE code="10102001">不能接近数据源</TYPE>
	<TYPE code="10102002">在试连接数据库当中发生错误</TYPE>
	<TYPE code="10102003">在试连接数据库当中发生错误</TYPE>
	<TYPE code="10102004">在编译查询句当中发生错误</TYPE>
	<TYPE code="10102005">在数据库中不能执行查询句</TYPE>
	<TYPE code="10102006">使用参数不能编译查询句</TYPE>
	<TYPE code="10102007">不能执行查询句</TYPE>
	<TYPE code="10103000"></TYPE>
	<TYPE code="10103001">UDS 不存在</TYPE>
	<TYPE code="10103002">没有权限接近UDS</TYPE>
	<TYPE code="10103003">不能打开数据源</TYPE>
	<TYPE code="10103004">不能初始化数据源</TYPE>
	<TYPE code="10103005">从UDS不能读取数据</TYPE>
	<TYPE code="10103006">从UDS不能构造数据列</TYPE>
	<TYPE code="10104000"></TYPE>
	<TYPE code="10104001">不能打开数据源</TYPE>
	<TYPE code="10104002">没有权限接近数据源类</TYPE>
	<TYPE code="10104003">不能生成数据源类</TYPE>
	<TYPE code="10104004">不能初始化数据源</TYPE>
	<TYPE code="10105000"></TYPE>
	<TYPE code="10105001">不能连接到SAP</TYPE>
	<TYPE code="10106000"></TYPE>
	<TYPE code="10106001">不能找到影像集的原本数据集</TYPE>
	<TYPE code="10106002">不能检索影像集的原本数据集</TYPE>
	<TYPE code="10106003">从影像集不能检索数据</TYPE>
	<TYPE code="10106004">从影像集转换数据中发生错误</TYPE>
	<TYPE code="10107000"></TYPE>
	<TYPE code="10107001">从影像集不能检索数据</TYPE>
	<TYPE code="10108000"></TYPE>
	<TYPE code="10108001">在并行模式不能读取数据</TYPE>
	<TYPE code="10109000"></TYPE>
	<TYPE code="10109001">不能找到CSV文件的编码集</TYPE>
	<TYPE code="10109002">从CSV文件中不能读取数据</TYPE>
	<TYPE code="10109003">在CSV文件没有字段信息</TYPE>
	<TYPE code="10109004">在CSV文件包括错误信息</TYPE>
	<TYPE code="10110000"></TYPE>
	<TYPE code="10110001">从XML文件中不能找到对应的节点</TYPE>
	<TYPE code="10110002">不能读取XML文件</TYPE>
	<TYPE code="10110003">不适当的XML格式</TYPE>
	<TYPE code="10110004">在解析XML文件中发生错误</TYPE>
	<TYPE code="10120000"></TYPE>
	<TYPE code="10120001">没有报表可读取的参数</TYPE>
	<TYPE code="10120002">不能打开报表可读取参数</TYPE>
	<TYPE code="10120003">不是OZ报表也不是适当的XML文件</TYPE>
	<TYPE code="10120004">在解析XML文件中发生错误</TYPE>
	<TYPE code="10120005">在生成XML解析器中发生错误</TYPE>
	<TYPE code="10601000"></TYPE>
	<TYPE code="10601001">从仓库不能检索数据</TYPE>
	<TYPE code="10601002">从仓库读取数据中发生错误</TYPE>
	<TYPE code="10602000">与仓库连接或执行查询句中发生错误</TYPE>
	<TYPE code="10602001">插入行于仓库中发生错误</TYPE>
	<TYPE code="10602002">添加行于仓库中发生错误</TYPE>
	<TYPE code="10602003">更新行于仓库中发生错误</TYPE>
	<TYPE code="10603000">与仓库连接或执行查询句中发生错误</TYPE>
	<TYPE code="10604000">从仓库使用群信息当中发生错误</TYPE>
	<TYPE code="10604001"></TYPE>
	<TYPE code="10604002"></TYPE>
	<TYPE code="10604003"></TYPE>
	<TYPE code="10604004"></TYPE>
	<TYPE code="10604005"></TYPE>
	<TYPE code="10605000">从仓库使用用户信息当中发生错误</TYPE>
	<TYPE code="10605001"></TYPE>
	<TYPE code="10605002">没有使用者定义参数</TYPE>
	<TYPE code="10605003">密码密码必须4位以上16位以下</TYPE>
	<TYPE code="10605004">没输入用户名</TYPE>
	<TYPE code="10605005"></TYPE>
	<TYPE code="10605006">不能验证同一的用户信息</TYPE>
	<TYPE code="10605007"></TYPE>
	<TYPE code="10605008"></TYPE>
	<TYPE code="10605009">不能验证用户连接状态</TYPE>
	<TYPE code="10605010"></TYPE>
	<TYPE code="10605011"></TYPE>
	<TYPE code="10605012">不能验证用户密码</TYPE>
	<TYPE code="10605013"></TYPE>
	<TYPE code="10605014"></TYPE>
	<TYPE code="10605015"></TYPE>
	<TYPE code="10605016"></TYPE>
	<TYPE code="10605017"></TYPE>
	<TYPE code="10605018"></TYPE>
	<TYPE code="10605019"></TYPE>
	<TYPE code="10605020"></TYPE>
	<TYPE code="10606000">在使用仓库的元素中发生错误</TYPE>
	<TYPE code="10606001"></TYPE>
	<TYPE code="10606002"></TYPE>
	<TYPE code="10606003">不能读取元素</TYPE>
	<TYPE code="10606004">不能读取元素</TYPE>
	<TYPE code="10606005">不能检索元素的存在</TYPE>
	<TYPE code="10606006"></TYPE>
	<TYPE code="10606007"></TYPE>
	<TYPE code="10606008"></TYPE>
	<TYPE code="10606009">找不到元素ID</TYPE>
	<TYPE code="10606010"></TYPE>
	<TYPE code="10606011"></TYPE>
	<TYPE code="10606012"></TYPE>
	<TYPE code="10606013"></TYPE>
	<TYPE code="10606014"></TYPE>
	<TYPE code="10606015"></TYPE>
	<TYPE code="10606016"></TYPE>
	<TYPE code="10606017"></TYPE>
	<TYPE code="10607000">在使用仓库的目录信息中发生错误</TYPE>
	<TYPE code="10607001"></TYPE>
	<TYPE code="10607002"></TYPE>
	<TYPE code="10607003">不能读取目录ID</TYPE>
	<TYPE code="10607004"></TYPE>
	<TYPE code="10607005">不能检索目录的存在</TYPE>
	<TYPE code="10607006"></TYPE>
	<TYPE code="10607007"></TYPE>
	<TYPE code="10608000"></TYPE>
	<TYPE code="10608001"></TYPE>
	<TYPE code="10608002"></TYPE>
	<TYPE code="10608003"></TYPE>
	<TYPE code="10608004"></TYPE>
	<TYPE code="10608005"></TYPE>
	<TYPE code="10608006"></TYPE>
	<TYPE code="10608007"></TYPE>
	<TYPE code="10608008"></TYPE>
	<TYPE code="10609000">使用加密/解码模块中发生错误</TYPE>
	<TYPE code="10609001">使用加密/解码模块中发生错误</TYPE>
	<TYPE code="10609002">使用加密/解码模块中发生错误</TYPE>
	<TYPE code="10609003">使用加密/解码模块中发生错误</TYPE>
	<TYPE code="10609004">使用加密/解码模块中发生错误</TYPE>
	<TYPE code="10609005">使用加密/解码模块中发生错误</TYPE>
	<TYPE code="10609006">使用加密/解码模块中发生错误</TYPE>
	<TYPE code="10609007">使用加密/解码模块中发生错误</TYPE>
	<TYPE code="10901000">服务器端和客户端之间传送数据中在服务器端发生错误、请检查网络、服务器和协议版本 </TYPE>
	<TYPE code="10902000">服务器端和客户端之间传送数据中在服务器端发生错误、请检查网络、服务器和协议版本</TYPE>
	<TYPE code="10902001">从服务器不能读取数据信息</TYPE>

	<TYPE code="15001000"></TYPE>
	<TYPE code="15001001">找不到srmngr.properties文件</TYPE>
	<TYPE code="15001002">无法读取srmngr.properties文件</TYPE>
	<TYPE code="15001003">不能提供服務</TYPE>
	<TYPE code="15001004">找不到SDM文件</TYPE>
	<TYPE code="15001005">无法读取SDM文件</TYPE>

</SERVERMESSAGERESOURCE>
