<?xml version="1.0" encoding="UTF-8"?>
<SERVERMESSAGERESOURCE VERSION="2.0">
	<TYPE code="10101000"/>
	<TYPE code="10101001">데이터 모듈을 생성할 수 없습니다.</TYPE>
	<TYPE code="10101002">데이터 모듈을 전송할 수 없습니다. 네트워크 설정을 확인하십시오.</TYPE>
	<TYPE code="10101003"/>
	<TYPE code="10101004">패러미터를 사용하는 문법이 잘못되었습니다.</TYPE>
	<TYPE code="10101005">필드 정보를 동적으로 읽을 수 없습니다.</TYPE>
	<TYPE code="10101006">데이터 모듈을 생성할 수 없습니다.</TYPE>
	<TYPE code="10101007">데이터 모듈을 생성할 수 없습니다.</TYPE>
	<TYPE code="10101008">스크립트 컴파일시 에러가 발생하였습니다.</TYPE>
	<TYPE code="10101009">HTTP를 통해 데이터를 읽어올 수 없습니다..</TYPE>
	<TYPE code="10101010">잘못된 URL 입니다. HTTP를 통해 데이터를 읽어올 수 없습니다.</TYPE>
	<TYPE code="10101011">File Store에 설정된 파일을 찾을 수 없습니다..</TYPE>
	<TYPE code="10101012">파일로부터 데이터를 읽을 수 없습니다. </TYPE>
	<TYPE code="10101013">패러미터 값이 설정되지 않았습니다.</TYPE>
	<TYPE code="10101014">데이터 모듈을 전송할 수 없습니다.</TYPE>
	<TYPE code="10102000"/>
	<TYPE code="10102001">데이터 소스에 접근할 수 없습니다.</TYPE>
	<TYPE code="10102002">데이터를 가져오기 위해서 DB 접근 시도 중 에러가 발생했습니다.</TYPE>
	<TYPE code="10102003">데이터를 가져오기 위해서 DB 접근 시도 중 에러가 발생했습니다.</TYPE>
	<TYPE code="10102004">쿼리를 컴파일 하는 중 에러가 발생했습니다.</TYPE>
	<TYPE code="10102005">DB에서 쿼리를 실행할 수 없습니다.</TYPE>
	<TYPE code="10102006">파라미터를 사용하여 쿼리를 컴파일하지 못했습니다.</TYPE>
	<TYPE code="10102007">쿼리를 실행할 수 없습니다.</TYPE>
	<TYPE code="10103000"/>
	<TYPE code="10103001">UDS 클래스 로딩을 실패했습니다.</TYPE>
	<TYPE code="10103002">UDS에 접근 권한이 없습니다.</TYPE>
	<TYPE code="10103003">UDS를 열지 못했습니다.</TYPE>
	<TYPE code="10103004">UDS를 초기화하지 못했습니다..</TYPE>
	<TYPE code="10103005">UDS에서 데이터를 읽어오지 못했습니다.</TYPE>
	<TYPE code="10103006">UDS에서 데이터 리스트를 구성하지 못했습니다.</TYPE>
	<TYPE code="10104000"/>
	<TYPE code="10104001">멀티셋 UDS 클래스 로딩을 실패했습니다.</TYPE>
	<TYPE code="10104002">멀티셋 UDS에 접근 권한이 없습니다.</TYPE>
	<TYPE code="10104003">멀티셋 UDS를 만들수 없습니다.</TYPE>
	<TYPE code="10104004">멀티셋 UDS를 초기화하지 못했습니다.</TYPE>
	<TYPE code="10105000"/>
	<TYPE code="10105001">SAP에 접속할 수 없습니다.</TYPE>
	<TYPE code="10106000"/>
	<TYPE code="10106001">Group Store의 원본을 찾지 못했습니다.</TYPE>
	<TYPE code="10106002">Group Store의 원본에서 데이터를 가져오지 못했습니다.</TYPE>
	<TYPE code="10106003">Group Store의 원본과 마스터셋이 일치합니다.</TYPE>
	<TYPE code="10106004">Group Store의 데이터를 변환하는 과정에서 에러가 발생했습니다.</TYPE>
	<TYPE code="10107000"/>
	<TYPE code="10107001">Group Store의 변환에 실패하여 데이터를 가져오지 못했습니다</TYPE>
	<TYPE code="10108000"/>
	<TYPE code="10108001">Concurrent모드에서 데이터 전송을 실패했습니다.</TYPE>
	<TYPE code="10109000"/>
	<TYPE code="10109001">CSV 파일의 인코딩을 알 수가 없습니다.</TYPE>
	<TYPE code="10109002">CSV 파일의 데이터를 읽어들일 수 없습니다.</TYPE>
	<TYPE code="10109003">CSV 파일에 필드 정보가 없습니다.</TYPE>
	<TYPE code="10109004">CSV 파일에 에러 메시지가 포함되어 있습니다.</TYPE>
	<TYPE code="10110000"/>
	<TYPE code="10110001">XML에서 데이터셋에 해당하는 노드를 찾을 수 없습니다.</TYPE>
	<TYPE code="10110002">XML 문서를 읽을 수 없습니다.</TYPE>
	<TYPE code="10110003">잘못된 XML 포맷입니다.</TYPE>
	<TYPE code="10110004">XML을 해석하는 도중 에러가 발생했습니다.</TYPE>
	<TYPE code="10120000"/>
	<TYPE code="10120001">요청한 패러미터를 읽어들일 파일이 리파지토리에 존재하지 없습니다.</TYPE>
	<TYPE code="10120002">요청한 패러미터를 읽는 중에 에러가 발생했습니다.</TYPE>
	<TYPE code="10120003">오즈 리포트 형식의 XML이 아닙니다.</TYPE>
	<TYPE code="10120004">XML을 해석하다가 에러가 발생했습니다.</TYPE>
	<TYPE code="10120005">XML 파서 생성중에 에러가 발생했습니다.</TYPE>
	<TYPE code="10201000"/>
	<TYPE code="10201001">커넥션 풀을 파일로 저장하는 데 실패했습니다.</TYPE>
	<TYPE code="10201002">커넥션 풀에 커넥션 추가를 실패했습니다.</TYPE>
	<TYPE code="10201003">커넥션 풀의 커넥션 삭제를 실패했습니다.</TYPE>
	<TYPE code="10301000"/>
	<TYPE code="10301001">캐시 설정 파일이 존재하지 않습니다.</TYPE>
	<TYPE code="10301002">캐시 설정 파일을 읽는 중 에러가 발생했습니다.</TYPE>
	<TYPE code="10301003"/>
	<TYPE code="10301004">캐시 설정에 오류가 있습니다.</TYPE>
	<TYPE code="10301005">캐시 파일 생성에 실패했습니다.</TYPE>
	<TYPE code="10301006">캐시된 파일이 존재하지 않습니다.</TYPE>
	<TYPE code="10301007">캐쉬된 파일을 읽을 수 없습니다.</TYPE>
	<TYPE code="10401000"/>
	<TYPE code="10401001">모니터 로그 파일이 존재하지 않습니다.</TYPE>
	<TYPE code="10401002">모니터 로그 파일을 읽을 수 없습니다.</TYPE>
	<TYPE code="10401003">모니터 로그 설정 파일이 존재하지 않습니다.</TYPE>
	<TYPE code="10401004">모니터 로그 설정 파일을 읽을 수 없습니다.</TYPE>
	<TYPE code="10501000"/>
	<TYPE code="10501001">로그 설정 파일을 읽을 수 없습니다.</TYPE>
	<TYPE code="10501002">로그 설정 파일의 설정 내용에 오류가 있습니다.</TYPE>
	<TYPE code="10501003">로그 설정을 파일로 저장하는 중에 에러가 발생했습니다.</TYPE>
	<TYPE code="10501004">로그 파일이 존재하지 않습니다.</TYPE>
	<TYPE code="10501005">로그 파일을 읽을 수 없습니다.</TYPE>
	<TYPE code="10601000"/>
	<TYPE code="10601001">리파지토리 DB에서 데이터를 가져오지 못했습니다.</TYPE>
	<TYPE code="10601002">리파지토리 DB에서 데이터를 가져오는 중 에러가 발생했습니다..</TYPE>
	<TYPE code="10602000"/>
	<TYPE code="10602001">리파지토리DB에 추가시 에러가 발생했습니다.</TYPE>
	<TYPE code="10602002">리파지토리DB에서 삭제시 에러가 발생했습니다.</TYPE>
	<TYPE code="10602003">리파지토리DB에 업데이트시 에러가 발생했습니다.</TYPE>
	<TYPE code="10603000">빌트인 리파지토리DB 연결시 에러가 발생했습니다.</TYPE>
	<TYPE code="10604000">그룹 관련 에러가 발생했습니다.</TYPE>
	<TYPE code="10604001">리파지토리에서 그룹ID를 가져오는 도중 에러가 발생했습니다.</TYPE>
	<TYPE code="10604002">리파지토리에서 그룹 생성에 실패했습니다.</TYPE>
	<TYPE code="10604003">리파지토리에서 그룹 삭제에 실패했습니다.</TYPE>
	<TYPE code="10604004">리파지토리에서 그룹 이름 변경에 실패했습니다.</TYPE>
	<TYPE code="10604005">리파지토리의 그룹별 관리자 변경에 실패했습니다.</TYPE>
	<TYPE code="10605000">사용자 관련 에러가 발생했습니다.</TYPE>
	<TYPE code="10605001">리파지토리에 신규 사용자 추가에 실패했습니다.</TYPE>
	<TYPE code="10605002">사용자 패스워드가 없습니다.</TYPE>
	<TYPE code="10605003">사용자 패스워드가 4~16자여야 합니다.</TYPE>
	<TYPE code="10605004">등록되지 않은 사용자 입니다.</TYPE>
	<TYPE code="10605005">동일한 사용자 이름이 이미 존재합니다.</TYPE>
	<TYPE code="10605006">사용자 정보 확인을 실패했습니다.</TYPE>
	<TYPE code="10605007">사용자 정보 삭제를 실패했습니다.</TYPE>
	<TYPE code="10605008">관리자ID는 삭제할 수 없습니다.</TYPE>
	<TYPE code="10605009">사용자의 접속 상태를 확인하지 못했습니다.</TYPE>
	<TYPE code="10605010">사용자 이름 변경을 실패했습니다.</TYPE>
	<TYPE code="10605011">사용자 패스워드 변경을 실패했습니다.</TYPE>
	<TYPE code="10605012">사용자 패스워드를 확인할 수 없습니다.</TYPE>
	<TYPE code="10605013">접속한 사용자의 로그 아웃을 실패했습니다.</TYPE>
	<TYPE code="10605014">사용자 로그인을 실패했습니다.</TYPE>
	<TYPE code="10605015">로그인 여부 확인을 실패했습니다.</TYPE>
	<TYPE code="10605016">사용자 로그인 설정 변경을 실패했습니다.</TYPE>
	<TYPE code="10605017">사용자 로그인 설정 변경을 실패했습니다.</TYPE>
	<TYPE code="10605018">사용자 정보의 설명 변경을 실패했습니다.</TYPE>
	<TYPE code="10605019">사용자 정보의 설명을 읽지 못했습니다.</TYPE>
	<TYPE code="10605020">아이템의 체크아웃 확인을 실패했습니다.</TYPE>
	<TYPE code="10606000">아이템 관련 에러가 발생했습니다.</TYPE>
	<TYPE code="10606001">아이템 생성을 실패했습니다.</TYPE>
	<TYPE code="10606002">아이템 삭제를 실패했습니다.</TYPE>
	<TYPE code="10606003">아이템을 가져오지 못했습니다.</TYPE>
	<TYPE code="10606004">아이템을 가져오지 못했습니다.</TYPE>
	<TYPE code="10606005">아이템의 존재 여부를 확인하지 못했습니다.</TYPE>
	<TYPE code="10606006">아이템 정보 변경을 실패했습니다.</TYPE>
	<TYPE code="10606007">아이템 파일 갱신을 실패했습니다.</TYPE>
	<TYPE code="10606008">아이템 이름 변경을 실패했습니다.</TYPE>
	<TYPE code="10606009">아이템 ID를 찾지 못했습니다.</TYPE>
	<TYPE code="10606010">아이템의 카테고리 변경을 실패했습니다.</TYPE>
	<TYPE code="10606011">아이템 체크인을 실패했습니다.</TYPE>
	<TYPE code="10606012">아이템 체크아웃을 실패했습니다.</TYPE>
	<TYPE code="10606013">아이템 체크아웃 취소를 실패했습니다.</TYPE>
	<TYPE code="10606014">아이템 롤백을 실패했습니다.</TYPE>
	<TYPE code="10606015">아이템의 특정 히스토리 가져오기를 실패했습니다.</TYPE>
	<TYPE code="10606016">아이템 히스토리 삭제를 실패했습니다.</TYPE>
	<TYPE code="10606017">아이템 히스토리 열람을 실패했습니다.</TYPE>
	<TYPE code="10607000">카테고리 관련 에러가 발생했습니다.</TYPE>
	<TYPE code="10607001">카테고리 생성을 실패했습니다.</TYPE>
	<TYPE code="10607002">카테고리 삭제를 실패했습니다.</TYPE>
	<TYPE code="10607003">카테고리 ID를 가져올 수 없습니다.</TYPE>
	<TYPE code="10607004">상위 카테고리로 이동할 때 에러가 발생했습니다.</TYPE>
	<TYPE code="10607005">카테고리의 존재 여부를 확인하지 못했습니다.</TYPE>
	<TYPE code="10607006">카테고리 이름 변경을 실패했습니다.</TYPE>
	<TYPE code="10607007">카테고리 트리 구성을 실패했습니다.</TYPE>
	<TYPE code="10607009">동일한 카태고리가 이미 존재합니다.</TYPE>
	<TYPE code="10608000">권한 관련 에러가 발생했습니다.</TYPE>
	<TYPE code="10608001">아이템의 사용자 권한 설정을 실패했습니다.</TYPE>
	<TYPE code="10608002">아이템의 그룹 권한 설정을 실패했습니다.</TYPE>
	<TYPE code="10608003">카테고리의 사용자 권한 설정을 실패했습니다.</TYPE>
	<TYPE code="10608004">카테고리의 그룹 권한 설정을 실패했습니다.</TYPE>
	<TYPE code="10608005">아이템에 대한 권한을 가진 사용자 목록 반환을 실패했습니다.</TYPE>
	<TYPE code="10608006">아이템에 대한 권한을 가진 그룹 목록 반환을 실패했습니다.</TYPE>
	<TYPE code="10608007">카테고리에 대한 권한을 가진 사용자 목록 반환을 실패했습니다.</TYPE>
	<TYPE code="10608008">카테고리에 대한 권한을 가진 그룹 목록 반환을 실패했습니다.</TYPE>
	<TYPE code="10609000">리파지토리에서 암호화 모듈 사용시 에러가 발생했습니다.</TYPE>
	<TYPE code="10609001">리파지토리에서 암호화 모듈 사용시 에러가 발생했습니다.</TYPE>
	<TYPE code="10609002">리파지토리에서 암호화 모듈 사용시 에러가 발생했습니다.</TYPE>
	<TYPE code="10609003">리파지토리에서 암호화 모듈 사용시 에러가 발생했습니다.</TYPE>
	<TYPE code="10609004">리파지토리에서 암호화 모듈 사용시 에러가 발생했습니다.</TYPE>
	<TYPE code="10609005">리파지토리에서 암호화 모듈 사용시 에러가 발생했습니다.</TYPE>
	<TYPE code="10609006">리파지토리에서 암호화 모듈 사용시 에러가 발생했습니다.</TYPE>
	<TYPE code="10609007">리파지토리에서 암호화 모듈 사용시 에러가 발생했습니다.</TYPE>
	<TYPE code="10610000"/>
	<TYPE code="10610001">리파지토리 설정 파일이 존재하지 않습니다.</TYPE>
	<TYPE code="10610002">리파지토리 설정 파일을 읽을 수 없습니다.</TYPE>
	<TYPE code="10610003">리파지토리 설정 파일의 설정 내용에 오류가 있습니다.</TYPE>
	<TYPE code="10611001">지원되지 않는 서비스입니다.</TYPE>
	<TYPE code="10701000"/>
	<TYPE code="10701001">같은 사용자ID로 다시 로그인할 수 없습니다. 권한 설정을 확인하십시오.</TYPE>
	<TYPE code="10701002">사용자의 세션 타임아웃 시간을 확인 중 에러가 발생했습니다.</TYPE>
	<TYPE code="10701003">강제 로그아웃 중 에러가 발생했습니다.</TYPE>
	<TYPE code="10701006">시간이 경과하여 세션이 만료되었습니다. 다시 로그인하세요.</TYPE>
	<TYPE code="10701007">접속이 거부되었습니다. 오즈 서버 관리자에게 문의하세요.</TYPE>
	<TYPE code="10702000"/>
	<TYPE code="10702001">관리자만 사용할 수 있습니다. 권한을 확인하십시오.</TYPE>
	<TYPE code="10702002">관리자 및 그룹관리자만 사용할 수 있습니다. 권한을 확인하십시오.</TYPE>
	<TYPE code="10702003">소유자 및 관리자(그룹관리자)만 사용할 수 있습니다. 권한을 확인하십시오.</TYPE>
	<TYPE code="10702004">카테고리에 대한 권한이 없습니다. 조회 권한이 있는지 확인하십시오.</TYPE>
	<TYPE code="10702005">카테고리에 대한 권한이 없습니다. 읽기 권한이 있는지 확인하십시오.</TYPE>
	<TYPE code="10702006">카테고리에 대한 권한이 없습니다. 쓰기 권한이 있는지 확인하십시오.</TYPE>
	<TYPE code="10702007">아이템에 대한 권한이 없습니다. 조회 권한이 있는지 확인하십시오.</TYPE>
	<TYPE code="10702008">아이템에 대한 권한이 없습니다. 읽기 권한이 있는지 확인하십시오.</TYPE>
	<TYPE code="10702009">아이템에 대한 권한이 없습니다. 쓰기 권한이 있는지 확인하십시오.</TYPE>
	<TYPE code="10702010">권한이 부족해서 카테고리를 이동할 수 없습니다.</TYPE>
	<TYPE code="10901000">서버에서 클라이언트로 통신 중 에러가 발생했습니다. 네트워크 상태나 서버의 프로토콜 버전을 확인해주십시오</TYPE>
	<TYPE code="10901001">서버에서 사용자를 강제로 로그아웃했습니다. 다시 로그인 하십시오.</TYPE>
	<TYPE code="10902000">클라이언트에서 서버로 통신 중 에러가 발생했습니다. 네트워크 상태나 서버의 프로토콜 버전을 확인해 주십시오.</TYPE>
	<TYPE code="10902001">클라이언트에서 서버로부터의 데이터 정보를 읽지 못했습니다.</TYPE>
	<TYPE code="10903000">요청하신 서비스는 현재 운용중인 서버에서 지원되지 않습니다.</TYPE>
	<TYPE code="17001001">DataBind 설정파일이 없습니다.</TYPE>
	<TYPE code="18000000">런타임 에러가 발생하였습니다.</TYPE>
	<TYPE code="19002000">서버에 등록된 사용자가 존재하지 않습니다.</TYPE>
	<TYPE code="10606031">배포파일 생성중 에러가 발생하였습니다.</TYPE>
	<TYPE code="20001010">해당 서비스에 대한 승인에 실패하여 요청이 거부되었습니다.</TYPE>
	<TYPE code="20001011">해당 서비스를 이용할 수 없는 IP입니다.</TYPE>
	<TYPE code="20001012">지원되지 않는 서비스입니다.</TYPE>
	<TYPE code="20001013">동시에 처리할 수 있는 서비스 수를 초과하였습니다.</TYPE>
	<TYPE code="20001020">데이터베이스 연결 사용 승인에 실패하였습니다.</TYPE>
	<TYPE code="20001030">UDS 사용 승인에 실패하였습니다.</TYPE>
	<TYPE code="20001031">사용이 허가되지 않은 UDS입니다.</TYPE>
	<TYPE code="20001032">일시적으로 사용할 수 없는 UDS입니다.</TYPE>
	<TYPE code="20001033">영구적으로 사용할 수 없는 UDS입니다.</TYPE>
	<TYPE code="21001001">암호화 모듈이 일치하지 않으므로 파일을 열 수 없습니다.</TYPE>
	<TYPE code="20101010">태스크 공휴일 설정을 할 수 없습니다.</TYPE>
	<TYPE code="20301004">로그파일을 읽을 수 없습니다.</TYPE>
	<TYPE code="10200001">지원되지 않는 서비스 코드 입니다.</TYPE>
	<TYPE code="10200002">클라이언트와의 통신중에 에러가 발생하였습니다.</TYPE>
	<TYPE code="10200003">맞지 않는 프로토콜 버전입니다.</TYPE>
	<TYPE code="10200004">지원되지 않는 서비스 클래스 입니다.</TYPE>
	<TYPE code="10200005">서비스 클래스 생성시 에러가 발생하였습니다.</TYPE>
	<TYPE code="10200006">오즈 푸쉬서버에 접속할 수 없습니다.</TYPE>
	<TYPE code="10300001">Observer 객체를 찾을수 없습니다.</TYPE>
	<TYPE code="10300002">Observer 에 등록된 Client 가 없습니다.</TYPE>
	<TYPE code="10300003">이미 같은 이름의 Observer 객체가 존재합니다.</TYPE>
	<TYPE code="10300004">Observer Class 로딩을 실패하였습니다. ClassPath를 확인후 서버를 재구동하시기 바랍니다.</TYPE>
	<TYPE code="10400001">요청한 Log 파일을 찾을수 없습니다.</TYPE>
	<TYPE code="10400002">요청한 Log 파일을 읽는 도중 에러가 발생하였습니다.</TYPE>
	<TYPE code="10500001">환경설정 파일 저장중 에러가 발생하였습니다.</TYPE>
</SERVERMESSAGERESOURCE>
