<?xml  version="1.0" encoding="UTF-8"?>
<SERVERMESSAGERESOURCE VERSION="2.0">
	<TYPE code="10101000"/>
	<TYPE code="10101001">OZ サーバーのキャッシュ形式が正しくないため、データ モジュールを生成することができません。</TYPE>
	<TYPE code="10101002">データ モジュールを配信することができません。ネットワーク設定を確認してください。</TYPE>
	<TYPE code="10101003"/>
	<TYPE code="10101004">パラメータ名を使用する文法が正しくありません。</TYPE>
	<TYPE code="10101005">フィールド情報を動的に読み込むことができません。</TYPE>
	<TYPE code="10101006">データ モジュールの生成中に元データ セットからデータを取り込むことができません。</TYPE>
	<TYPE code="10101007">データ モジュールを生成することができません。</TYPE>
	<TYPE code="10101008">スクリプトのコンパイル時エラーが発生しました。</TYPE>
	<TYPE code="10101009">HTTP ストアでデータを読み込むことができません。</TYPE>
	<TYPE code="10101010">HTTP ストアの URL が正しくないため、データを読み込むことができません。</TYPE>
	<TYPE code="10101011">FILE ストアに設定されたファイルが見つかりません。</TYPE>
	<TYPE code="10101012">FILE ストアでファイルからデータを読み込むことができません。</TYPE>
	<TYPE code="10101013">パラメータ値が設定されていません。</TYPE>
	<TYPE code="10101014">OZ サーバーの設定により、データ モジュールを転送することができません。</TYPE>
	<TYPE code="10102000"/>
	<TYPE code="10102001">DB エイリアス名を使用して DB へアクセスすることができません。</TYPE>
	<TYPE code="10102002">データを取り込むために DB へアクセスする際に一般エラーが発生しました。</TYPE>
	<TYPE code="10102003">データを取り込むために DB へアクセスする際に例外エラーが発生しました。</TYPE>
	<TYPE code="10102004">クエリを実行する際にエラーが発生しました。</TYPE>
	<TYPE code="10102005">クエリを実行することができません。</TYPE>
	<TYPE code="10102006">パラメータを使用してクエリを実行する際にエラーが発生しました。</TYPE>
	<TYPE code="10102007">クエリを実行することができません。</TYPE>
	<TYPE code="10103000"/>
	<TYPE code="10103001">UDS クラスを読み込むことができません。</TYPE>
	<TYPE code="10103002">UDS にアクセスする権限がありません。</TYPE>
	<TYPE code="10103003">UDS の生成中に例外エラーが発生しました。</TYPE>
	<TYPE code="10103004">UDS の初期化中にエラーが発生しました。</TYPE>
	<TYPE code="10103005">UDS でデータを取り込むことができません。</TYPE>
	<TYPE code="10103006">UDS でデータ リストの構成中にエラーが発生しました。</TYPE>
	<TYPE code="10104000"/>
	<TYPE code="10104001">マルチセット UDS クラスの読み込むことができません。</TYPE>
	<TYPE code="10104002">マルチセット UDS にアクセスする権限がありません。</TYPE>
	<TYPE code="10104003">マルチセット UDS の作成中にエラーが発生しました。</TYPE>
	<TYPE code="10104004">マルチセット UDS の初期化中にエラーが発生しました。</TYPE>
	<TYPE code="10105000"/>
	<TYPE code="10105001">SAP に接続することができません。</TYPE>
	<TYPE code="10106000"/>
	<TYPE code="10106001">GDS の元データ セットが見つかりません。</TYPE>
	<TYPE code="10106002">GDS の元データ セットからデータを取り込むことができません。</TYPE>
	<TYPE code="10106003">GDS の元データ セットとマスター セットが同一です。</TYPE>
	<TYPE code="10106004">GDS の元データ セットを処理する際にエラーが発生しました。</TYPE>
	<TYPE code="10107000"/>
	<TYPE code="10107001">GDS のためのデータ モジュールへの変換に失敗しました。データを取り込むことができません。</TYPE>
	<TYPE code="10108000"/>
	<TYPE code="10108001">コンカレント モードでデータを転送することができません。</TYPE>
	<TYPE code="10109000"/>
	<TYPE code="10109001">CSV ファイルのエンコードが有効な形式ではありません。</TYPE>
	<TYPE code="10109002">CSV ファイルのデータを読み込むことができません。</TYPE>
	<TYPE code="10109003">CSV ファイルにフィールド情報がありません。</TYPE>
	<TYPE code="10109004">CSV ファイルにエラー情報が含まれていません。</TYPE>
	<TYPE code="10110000"/>
	<TYPE code="10110001">XML ファイルでデータ セットに該当するノードが見つかりません。</TYPE>
	<TYPE code="10110002">XML ファイルを読み込むことができません。</TYPE>
	<TYPE code="10110003">XML ファイル形式が正しくありません。</TYPE>
	<TYPE code="10110004">XML ファイルを処理する際にエラーが発生しました。</TYPE>
	<TYPE code="10120000"/>
	<TYPE code="10120001">該当ファイルがリポジトリに存在しないため、パラメータを読み込むことができません。</TYPE>
	<TYPE code="10120002">パラメータを読み込む際にエラーが発生しました。</TYPE>
	<TYPE code="10120003">OZ テンプレート形式ではありません。</TYPE>
	<TYPE code="10120004">テンプレートまたは ODI ファイルを処理する際にエラーが発生しました。</TYPE>
	<TYPE code="10120005">テンプレートまたは ODI ファイルのパーサを生成する際にエラーが発生しました。</TYPE>
	<TYPE code="10201000"/>
	<TYPE code="10201001">接続プール情報ファイルで保存する際にエラーが発生しました。</TYPE>
	<TYPE code="10201002">接続プールに接続情報を追加する際にエラーが発生しました。</TYPE>
	<TYPE code="10201003">接続プールから接続情報を削除する際にエラーが発生しました。</TYPE>
	<TYPE code="10301000"/>
	<TYPE code="10301001">キャッシュ設定ファイルが存在しません。</TYPE>
	<TYPE code="10301002">キャッシュ設定ファイルを読み込む際にエラーが発生しました。</TYPE>
	<TYPE code="10301003"/>
	<TYPE code="10301004">キャッシュ設定の設定内容に問題があります。</TYPE>
	<TYPE code="10301005">キャッシュ ファイルの生成に失敗しました。</TYPE>
	<TYPE code="10301006">キャッシュされたファイルが存在しません。</TYPE>
	<TYPE code="10301007">キャッシュされたファイルを読み込むことができません。</TYPE>
	<TYPE code="10401000"/>
	<TYPE code="10401001">モニタ ログ ファイルが存在しません。</TYPE>
	<TYPE code="10401002">モニタ ログ ファイルを読み込むことができません。</TYPE>
	<TYPE code="10401003">モニタ ログ設定ファイルが存在しません。</TYPE>
	<TYPE code="10401004">モニタ ログ設定ファイルを読み込むことができません。</TYPE>
	<TYPE code="10501000"/>
	<TYPE code="10501001">ログ設定ファイルを読み込むことができません。</TYPE>
	<TYPE code="10501002">ログ設定ファイルの設定内容に問題があります。</TYPE>
	<TYPE code="10501003">ログ設定ファイルの保存に失敗しました。</TYPE>
	<TYPE code="10501004">ログ ファイルが存在しません。</TYPE>
	<TYPE code="10501005">ログ ファイルを読み込むことができません。</TYPE>
	<TYPE code="10601000"/>
	<TYPE code="10601001">リポジトリからアイテムを取り込むことができません。</TYPE>
	<TYPE code="10601002">リポジトリからアイテムを取り込む際にエラーが発生しました。</TYPE>
	<TYPE code="10602000"/>
	<TYPE code="10602001">リポジトリにアイテムを追加する際にエラーが発生しました。</TYPE>
	<TYPE code="10602002">リポジトリからアイテムを削除する際にエラーが発生しました。</TYPE>
	<TYPE code="10602003">リポジトリのアイテムを更新する際にエラーが発生しました。</TYPE>
	<TYPE code="10603000">BUILTIN リポジトリに接続する際にエラーが発生しました。</TYPE>
	<TYPE code="10604000">リポジトリでグループ情報を使用する際にエラーが発生しました。</TYPE>
	<TYPE code="10604001">リポジトリからグループ ID を取り込む際にエラーが発生しました。</TYPE>
	<TYPE code="10604002">グループの生成に失敗しました。</TYPE>
	<TYPE code="10604003">グループの削除に失敗しました。</TYPE>
	<TYPE code="10604004">グループ名の変更に失敗しました。</TYPE>
	<TYPE code="10604005">グループ管理者の変更に失敗しました。</TYPE>
	<TYPE code="10605000">リポジトリでユーザー情報を使用する際にエラーが発生しました。</TYPE>
	<TYPE code="10605001">新規ユーザーの追加に失敗しました。</TYPE>
	<TYPE code="10605002">パスワードが入力されていません。</TYPE>
	<TYPE code="10605003">パスワードは4文字以上16文字以内です。</TYPE>
	<TYPE code="10605004">ユーザー名が入力されていません。</TYPE>
	<TYPE code="10605005">同じユーザー名がすでに存在します。</TYPE>
	<TYPE code="10605006">ユーザー情報の確認に失敗しました。</TYPE>
	<TYPE code="10605007">ユーザー情報の削除に失敗しました。</TYPE>
	<TYPE code="10605008">管理者IDは削除できません。</TYPE>
	<TYPE code="10605009">ユーザーの接続状態を確認することができません。</TYPE>
	<TYPE code="10605010">ユーザー名の変更に失敗しました。</TYPE>
	<TYPE code="10605011">パスワードの変更に失敗しました。</TYPE>
	<TYPE code="10605012">パスワードを確認することができません。</TYPE>
	<TYPE code="10605013">接続したユーザーのログアウトに失敗しました。</TYPE>
	<TYPE code="10605014">ユーザーのログインに失敗しました。</TYPE>
	<TYPE code="10605015">ユーザーのログイン有無の確認に失敗しました。</TYPE>
	<TYPE code="10605016">ユーザー ログインの許可設定に失敗しました。</TYPE>
	<TYPE code="10605017">ユーザー ログインの設定変更に失敗しました。</TYPE>
	<TYPE code="10605018">ユーザー情報の説明の変更に失敗しました。</TYPE>
	<TYPE code="10605019">ユーザー情報の説明を読み込むことができません。</TYPE>
	<TYPE code="10605020">アイテムのチェックアウトの確認に失敗しました。</TYPE>
	<TYPE code="10606000">アイテム情報の使用中にエラーが発生しました。</TYPE>
	<TYPE code="10606001">アイテムの生成に失敗しました。</TYPE>
	<TYPE code="10606002">アイテムの削除に失敗しました。</TYPE>
	<TYPE code="10606003">アイテムを直接取り込むことができません。</TYPE>
	<TYPE code="10606004">アイテムを取り込むことができません。</TYPE>
	<TYPE code="10606005">アイテムの存在を確認することができません。</TYPE>
	<TYPE code="10606006">アイテム情報の変更に失敗しました。</TYPE>
	<TYPE code="10606007">アイテム ファイルの更新に失敗しました。</TYPE>
	<TYPE code="10606008">アイテム名の変更に失敗しました。</TYPE>
	<TYPE code="10606009">アイテム ID が見つかりません。</TYPE>
	<TYPE code="10606010">カテゴリの変更に失敗しました。</TYPE>
	<TYPE code="10606011">アイテムのチェック インに失敗しました。</TYPE>
	<TYPE code="10606012">アイテムのチェック アウトに失敗しました。</TYPE>
	<TYPE code="10606013">アイテムのチェック アウト解除に失敗しました。</TYPE>
	<TYPE code="10606014">アイテムのロール バックに失敗しました。</TYPE>
	<TYPE code="10606015">選択した履歴のアイテムを取り込むのに失敗しました。</TYPE>
	<TYPE code="10606016">選択した履歴のアイテムの削除に失敗しました。</TYPE>
	<TYPE code="10606017">アイテムの履歴リストの表示に失敗しました。</TYPE>
	<TYPE code="10607000">カテゴリ情報の使用中にエラーが発生しました。</TYPE>
	<TYPE code="10607001">カテゴリの生成に失敗しました。</TYPE>
	<TYPE code="10607002">カテゴリの削除に失敗しました。</TYPE>
	<TYPE code="10607003">カテゴリ ID を取り込むことができません。</TYPE>
	<TYPE code="10607004">上位カテゴリへ移動する際にエラーが発生しました。</TYPE>
	<TYPE code="10607005">カテゴリの存在を確認することができません。</TYPE>
	<TYPE code="10607006">カテゴリ名の変更に失敗しました。</TYPE>
	<TYPE code="10607007">カテゴリ ツリーの構成に失敗しました。</TYPE>
	<TYPE code="10607009">生成するカテゴリがすでに存在します。</TYPE>
	<TYPE code="10608000">リポジトリの権限情報の使用中にエラーが発生しました。</TYPE>
	<TYPE code="10608001">アイテムのユーザー権限設定に失敗しました。</TYPE>
	<TYPE code="10608002">アイテムのグループ権限設定に失敗しました。</TYPE>
	<TYPE code="10608003">カテゴリのユーザー権限設定に失敗しました。</TYPE>
	<TYPE code="10608004">カテゴリのグループ権限設定に失敗しました。</TYPE>
	<TYPE code="10608005">アイテムに対して権限を持っているユーザー リストを返せませんでした。</TYPE>
	<TYPE code="10608006">アイテムに対して権限を持っているグループ リストを返せませんでした。</TYPE>
	<TYPE code="10608007">カテゴリに対して権限を持っているユーザー リストを返せませんでした。</TYPE>
	<TYPE code="10608008">カテゴリに対して権限を持っているグループ リストを返せませんでした。</TYPE>
	<TYPE code="10609000">リポジトリで暗号化モジュールを使用する際にエラーが発生しました。</TYPE>
	<TYPE code="10609001">リポジトリで暗号化キーを含むファイルが見つかりません。</TYPE>
	<TYPE code="10609002">リポジトリで暗号化キーを含むファイルを読み込むことができません。</TYPE>
	<TYPE code="10609003">リポジトリで暗号化アルゴリズムが見つかりません。</TYPE>
	<TYPE code="10609004">暗号化モジュールを使用する際にエラーが発生しました。</TYPE>
	<TYPE code="10609005">暗号化モジュールを使用する際にエラーが発生しました。</TYPE>
	<TYPE code="10609006">暗号化キーが正しくありません。</TYPE>
	<TYPE code="10609007">リポジトリで暗号化コードが作成できません。</TYPE>
	<TYPE code="10610000"/>
	<TYPE code="10610001">リポジトリ設定ファイルが存在しません。</TYPE>
	<TYPE code="10610002">リポジトリ設定ファイルを読み込むことができません。</TYPE>
	<TYPE code="10610003">リポジトリ設定ファイルの設定内容に問題があります。</TYPE>
    <TYPE code="10611001">支援できないサービスです。</TYPE>
	<TYPE code="10701000"/>
	<TYPE code="10701001">すでに同じユーザー ID でログインされています。</TYPE>
	<TYPE code="10701002">ユーザー セッションのタイム アウト時間を確認する際にエラーが発生しました。</TYPE>
	<TYPE code="10701003">強制ログアウトの際にエラーが発生しました。</TYPE>
	<TYPE code="10701006">時間満了でセッションが切れました。もう一度ログインしてください。</TYPE>
	<TYPE code="10701007">接続が拒否されました。管理者のお問い合わせください。</TYPE>
	<TYPE code="10702000"/>
	<TYPE code="10702001">管理者のみ使用することができます。権限を確認してください。</TYPE>
	<TYPE code="10702002">管理者およびグループ管理者のみ使用することができます。権限を確認してください。</TYPE>
	<TYPE code="10702003">管理者、グループ管理者および所有者のみ使用することができます。権限を確認してください。</TYPE>
	<TYPE code="10702004">カテゴリに対して参照権限がありません。参照権限があるか確認してください。</TYPE>
	<TYPE code="10702005">カテゴリに対して読み込み権限がありません。読み込みの権限があるか確認してください。</TYPE>
	<TYPE code="10702006">カテゴリに対して書き込み権限がありません。書き込み権限があるか確認してください。</TYPE>
	<TYPE code="10702007">アイテムに対して参照権限がありません。参照権限があるか確認してください。</TYPE>
	<TYPE code="10702008">アイテムに対して読み込み権限がありません。読み込みの権限があるか確認してください。</TYPE>
	<TYPE code="10702009">アイテムに対して書き込み権限がありません。書き込み権限があるか確認してください。</TYPE>
	<TYPE code="10702010">書き込み権限がないため、他のカテゴリへ移動することができません。</TYPE>
	<TYPE code="10901000">OZ サーバーからクライアントへの通信中にエラーが発生しました。ネットワーク状態やサーバーのプロトコル バージョン等を確認してください。</TYPE>
	<TYPE code="10901001">OZ サーバー側でユーザーを強制的にログアウトしました。再度ログインしてください。</TYPE>
	<TYPE code="10902000">クライアント側でサーバーへの通信中エラーが発生しました。ネットワーク状態またはサーバーのプロトコールバージョンを確認してください。</TYPE>
	<TYPE code="10902001">クライアント側でサーバー側からのデータ情報を読み込むことができません。</TYPE>
	<TYPE code="10903000">要請したサービスは現在運用中のサーバーではサポートしません。</TYPE>
	<TYPE code="17001001">データ バインドを設定するファイルが存在しません。</TYPE>
	<TYPE code="18000000">ランタイム エラーが発生しました.</TYPE>
	<TYPE code="20001010">該当サービスについての承認に失敗して要請が拒否されました。</TYPE>
	<TYPE code="20001011">該当サービスを利用する事ができないIPです。</TYPE>
	<TYPE code="20001012">支援できないサービスです。</TYPE>
	<TYPE code="20001013">同時に処理できるサービスの数を超えました。</TYPE>
	<TYPE code="20001020">データベース連結使用承認に失敗しました。 </TYPE>
	<TYPE code="20001030">UDS使用承認に失敗しました。</TYPE>
	<TYPE code="20001031">使用が許可されていないUDSです。</TYPE>
	<TYPE code="20001032">一時的に使用できないUDSです。</TYPE>
	<TYPE code="20001033">永久的に使用できないUDSです。</TYPE>	
	<TYPE code="21001001">暗号化モジュールが一致していないためファイルを開くことができません。</TYPE>
	<TYPE code="20101010">タスクには公休日を設定することができません。</TYPE>
	<TYPE code="20301004">ログファイルを読み込むことができません。</TYPE>
	<TYPE code="10200001">支援されないサービスコードです。</TYPE>
	<TYPE code="10200002">クライアンとの通信中エラーが発生しました。</TYPE>
	<TYPE code="10200003">合っていないプロトコールバージョンです。</TYPE>
	<TYPE code="10200004">支援されないサービスクラスです。</TYPE>
	<TYPE code="10200005">サービスクラス生成時エラーが発生しました。</TYPE>
	<TYPE code="10200006">オーズプッシサーバに接続できません。</TYPE>
	<TYPE code="10300001">Observerオブジェクトが見つけられません。</TYPE>
	<TYPE code="10300002">Observerに登録されたClientがありません。</TYPE>
	<TYPE code="10300003">既に同一名のObserverオブジェクトが存在します。</TYPE>
	<TYPE code="10300004">Observer Classローディングに失敗しました。ClassPathを確認した後サーバを再起動してください。</TYPE>
	<TYPE code="10400001">要請したLogファイルが見つけられません。</TYPE>
	<TYPE code="10400002">要請したLogファイルの読み込み中エラーが発生しました。</TYPE>
	<TYPE code="10500001">環境設定ファイル保存中エラーが発生しました。</TYPE>
</SERVERMESSAGERESOURCE>
