<?xml version="1.0" encoding="UTF-8"?>
<!-- edited with XML Spy v4.3 U (http://www.xmlspy.com) by aa (aa) -->
<SERVERMESSAGERESOURCE VERSION="2.0">
	<TYPE code="10101000"/>
	<TYPE code="10101001">Can not create data module</TYPE>
	<TYPE code="10101002">Can not send data module. Please check the network configuration.</TYPE>
	<TYPE code="10101003"/>
	<TYPE code="10101004">Parameter syntax is incorrect</TYPE>
	<TYPE code="10101005">Can not get field information dynamically</TYPE>
	<TYPE code="10101006">Can not create data module</TYPE>
	<TYPE code="10101007">Can not create data module</TYPE>
	<TYPE code="10101008">Script runtime error occurred</TYPE>
	<TYPE code="10101009">Can not get data from HTTP</TYPE>
	<TYPE code="10101010">Incorrect URL. Can not get data from HTTP</TYPE>
	<TYPE code="10101011">Can not find configured file in file store</TYPE>
	<TYPE code="10101012">Can not get data from file</TYPE>
	<TYPE code="10101013">Does not configured parameter value</TYPE>
	<TYPE code="10101014">Can not send the data module</TYPE>
	<TYPE code="10102000"/>
	<TYPE code="10102001">Can not access to data source</TYPE>
	<TYPE code="10102002">Error occurred while getting the data from DB</TYPE>
	<TYPE code="10102003">Error occurred while getting the query statement</TYPE>
	<TYPE code="10102004">Error occurred while compiling the query statement</TYPE>
	<TYPE code="10102005">Can noet excute query statement in DB</TYPE>
	<TYPE code="10102006">Fail to compile query statement with parameter</TYPE>
	<TYPE code="10102007">Can not execute query statement</TYPE>
	<TYPE code="10103000"/>
	<TYPE code="10103001">Fail to load UDS class</TYPE>
	<TYPE code="10103002">Do not have permission to access UDS</TYPE>
	<TYPE code="10103003">Fail to open UDS</TYPE>
	<TYPE code="10103004">Fail to initialize UDS</TYPE>
	<TYPE code="10103005">Fail to get data from UDS</TYPE>
	<TYPE code="10103006">Fail to create data list in UDS</TYPE>
	<TYPE code="10104000"/>
	<TYPE code="10104001">Fail to load multi-set UDS class</TYPE>
	<TYPE code="10104002">Do not have permission to access multi-set UDS</TYPE>
	<TYPE code="10104003">Fail to create multi-set UDS</TYPE>
	<TYPE code="10104004">Fail to initialize multi-set UDS</TYPE>
	<TYPE code="10105000"/>
	<TYPE code="10105001">Can not connect to SAP</TYPE>
	<TYPE code="10106000"/>
	<TYPE code="10106001">Can not find source data from group data store</TYPE>
	<TYPE code="10106002">Can not get data from source data in group data store</TYPE>
	<TYPE code="10106003">The source dataset of the group store can not be a master set of datasets in the group store</TYPE>
	<TYPE code="10106004">Error occurred while converting source data from group data store</TYPE>
	<TYPE code="10107000"/>
	<TYPE code="10107001">Can not get data because fail to create group data store</TYPE>
	<TYPE code="10108000"/>
	<TYPE code="10108001">Fail to send data in concurrent mode</TYPE>
	<TYPE code="10109000"/>
	<TYPE code="10109001">Can not encoding CSV file</TYPE>
	<TYPE code="10109002">Can not read CSV file data</TYPE>
	<TYPE code="10109003">Field information does not exist in CSV file</TYPE>
	<TYPE code="10109004">Error message is included in CSV file</TYPE>
	<TYPE code="10110000"/>
	<TYPE code="10110001">Can not find specified node to dataset in XML</TYPE>
	<TYPE code="10110002">Can not read XML document</TYPE>
	<TYPE code="10110003">Incorrect XML format</TYPE>
	<TYPE code="10110004">Error occurred while parsing XML</TYPE>
	<TYPE code="10120000"/>
	<TYPE code="10120001">The file of included specified parameter does not exist in repository</TYPE>
	<TYPE code="10120002">Error occurred to read requested parameter</TYPE>
	<TYPE code="10120003">OZ Report file is incorrect</TYPE>
	<TYPE code="10120004">Error occurred while parsing XML</TYPE>
	<TYPE code="10120005">Error occurred while lading XML parse</TYPE>
	<TYPE code="10201000"/>
	<TYPE code="10201001">Fail to save as file to connection pool</TYPE>
	<TYPE code="10201002">Fail to add connection in the connection pool</TYPE>
	<TYPE code="10201003">Fail to delete connection in the connection pool</TYPE>
	<TYPE code="10301000"/>
	<TYPE code="10301001">Cache configuration file does not exist</TYPE>
	<TYPE code="10301002">Error occurred while reading cache configuration file</TYPE>
	<TYPE code="10301003"/>
	<TYPE code="10301004">Error occurred in cache configuration</TYPE>
	<TYPE code="10301005">Fail to create cache configuration file</TYPE>
	<TYPE code="10301006">Cache file does not exist</TYPE>
	<TYPE code="10301007">Can not read cache file</TYPE>
	<TYPE code="10401000"/>
	<TYPE code="10401001">Monitor log file does not exist</TYPE>
	<TYPE code="10401002">Can not read monitor log file</TYPE>
	<TYPE code="10401003">Monitor log configuration file does not exist</TYPE>
	<TYPE code="10401004">Can not read monitor log configuration file</TYPE>
	<TYPE code="10501000"/>
	<TYPE code="10501001">Can not read log configuration file</TYPE>
	<TYPE code="10501002">Error occurred in log configuration file</TYPE>
	<TYPE code="10501003">Error occurred while saving log configuration file</TYPE>
	<TYPE code="10501004">Log file does not exist</TYPE>
	<TYPE code="10501005">Can not read log file</TYPE>
	<TYPE code="10601000"/>
	<TYPE code="10601001">Can not get data from repository</TYPE>
	<TYPE code="10601002">Error occurred while adding item to repository</TYPE>
	<TYPE code="10602000"/>
	<TYPE code="10602001">Error occurred while adding item to repository</TYPE>
	<TYPE code="10602002">Error occurred while deleting item from repository</TYPE>
	<TYPE code="10602003">Error occurred while updating item to repository</TYPE>
	<TYPE code="10603000">Fail to Repository connection</TYPE>
	<TYPE code="10604000">Error occurred while using group information in repository</TYPE>
	<TYPE code="10604001">Error occurred while getting group ID from repository</TYPE>
	<TYPE code="10604002">Fail to create group in repository</TYPE>
	<TYPE code="10604003">Fail to delete group in repository</TYPE>
	<TYPE code="10604004">Fail to change group name in repository</TYPE>
	<TYPE code="10604005">Fail to change administrator of repository by group</TYPE>
	<TYPE code="10605000">Error occurred while using user information in repository</TYPE>
	<TYPE code="10605001">Fail to add new user in repository</TYPE>
	<TYPE code="10605002">User password does not exist</TYPE>
	<TYPE code="10605003">User password allows from 4 to 16 characters</TYPE>
	<TYPE code="10605004">Not registered user.</TYPE>
	<TYPE code="10605005">Same user name already exist</TYPE>
	<TYPE code="10605006">Fail to check user information</TYPE>
	<TYPE code="10605007">Fail to delete user information</TYPE>
	<TYPE code="10605008">Can not delete to administrator ID</TYPE>
	<TYPE code="10605009">Can not check user connection condition</TYPE>
	<TYPE code="10605010">Fail to change user name</TYPE>
	<TYPE code="10605011">Fail to change user password</TYPE>
	<TYPE code="10605012">Can not check user password</TYPE>
	<TYPE code="10605013">Fail to log-out connected user</TYPE>
	<TYPE code="10605014">Fail to user log-in</TYPE>
	<TYPE code="10605015">Can not check log-in condition</TYPE>
	<TYPE code="10605016">Fail to change user log-in properties</TYPE>
	<TYPE code="10605017">Fail to change user log-in properties</TYPE>
	<TYPE code="10605018">Fail to change user description</TYPE>
	<TYPE code="10605019">Fail to read user description</TYPE>
	<TYPE code="10605020">Can not check item check-out condition</TYPE>
	<TYPE code="10606000">Error occurred while using item information in repository</TYPE>
	<TYPE code="10606001">Fail to create item</TYPE>
	<TYPE code="10606002">Fail to delete item</TYPE>
	<TYPE code="10606003">Fail to get item</TYPE>
	<TYPE code="10606004">Fail to get item</TYPE>
	<TYPE code="10606005">Can not check exist item in repository</TYPE>
	<TYPE code="10606006">Fail to change item properties</TYPE>
	<TYPE code="10606007">Fail to update item file</TYPE>
	<TYPE code="10606008">Fail to change item name</TYPE>
	<TYPE code="10606009">Fail to find item ID</TYPE>
	<TYPE code="10606010">Fail to change item category</TYPE>
	<TYPE code="10606011">Fail to check-in item</TYPE>
	<TYPE code="10606012">Fail to check-out item</TYPE>
	<TYPE code="10606013">Fail to cancel check-out item</TYPE>
	<TYPE code="10606014">Fail to rollback item</TYPE>
	<TYPE code="10606015">Fail to get specified history in item</TYPE>
	<TYPE code="10606016">Fail to delete item history</TYPE>
	<TYPE code="10606017">Fail to read item history</TYPE>
	<TYPE code="10607000">Error occurred while using catogory information in repository</TYPE>
	<TYPE code="10607001">Fail to create category</TYPE>
	<TYPE code="10607002">Fail to delete category</TYPE>
	<TYPE code="10607003">Can not get category ID</TYPE>
	<TYPE code="10607004">Error occurred while moving to parent category in repository</TYPE>
	<TYPE code="10607005">Can not check exist category in repository</TYPE>
	<TYPE code="10607006">Fail to change category name</TYPE>
	<TYPE code="10607007">Fail to make category tree</TYPE>
	<TYPE code="10607009">A file with the name you specified already exists</TYPE>
	<TYPE code="10608000">Error occurred while using permission information in repository</TYPE>
	<TYPE code="10608001">Fail to grant a user permission for item in repository</TYPE>
	<TYPE code="10608002">Fail to grant a group permission for item in repository</TYPE>
	<TYPE code="10608003">Fail to grant a user permission for category in repository</TYPE>
	<TYPE code="10608004">Fail to grant a group permission for category in repository</TYPE>
	<TYPE code="10608005">Fail to return the user list of granted permission for item in repository</TYPE>
	<TYPE code="10608006">Fail to return the group list of granted permission for item in repository</TYPE>
	<TYPE code="10608007">Fail to return the user list of granted permission for category in repository</TYPE>
	<TYPE code="10608008">Fail to return the group list of granted permission for category in repository</TYPE>
	<TYPE code="10609000">Error occurred while using encrypted module in repository</TYPE>
	<TYPE code="10609001">Error occurred while using encrypted module in repository</TYPE>
	<TYPE code="10609002">Error occurred while using encrypted module in repository</TYPE>
	<TYPE code="10609003">Error occurred while using encrypted module in repository</TYPE>
	<TYPE code="10609004">Error occurred while using encrypted module in repository</TYPE>
	<TYPE code="10609005">Error occurred while using encrypted module in repository</TYPE>
	<TYPE code="10609006">Error occurred while using encrypted module in repository</TYPE>
	<TYPE code="10609007">Error occurred while using encrypted module in repository</TYPE>
	<TYPE code="10610000"/>
	<TYPE code="10610001">Repository configuration file does not exist</TYPE>
	<TYPE code="10610002">Can not read repository configuration file</TYPE>
	<TYPE code="10610003">Repository configuration file is incorrect</TYPE>
	<TYPE code="10611001">Not supported service.</TYPE>
	<TYPE code="10701000"/>
	<TYPE code="10701001">Can not log in as same user ID. Please check the permission configuration</TYPE>
	<TYPE code="10701002">Error occurred while checking user session time out</TYPE>
	<TYPE code="10701003">Error occurred in forced log-out</TYPE>
	<TYPE code="10701006">The session has been expired due to time expiration. Please Log in again.</TYPE>
	<TYPE code="10701007">Denied access. Please ask to administrator.</TYPE>
	<TYPE code="10702000"/>
	<TYPE code="10702001">Administrator only can use. Please check your permission</TYPE>
	<TYPE code="10702002">Administrator and group administrator only can use. Please check your permission</TYPE>
	<TYPE code="10702003">Owner and administrator(group) only can use. Please check your permission</TYPE>
	<TYPE code="10702004">Do not have permission to the category. Please check to have permission</TYPE>
	<TYPE code="10702005">Do not have permission to the category. Please check to have read permission</TYPE>
	<TYPE code="10702006">Do not have permission to the category. Please check to have write permission</TYPE>
	<TYPE code="10702007">Do not have permission to the item. Please check to have view permission</TYPE>
	<TYPE code="10702008">Do not have permission to the item. Please check to have read permission</TYPE>
	<TYPE code="10702009">Do not have permission to the item. Please check to have write permission</TYPE>
	<TYPE code="10702010">Can not move this item to the other category because does not write permission for this category</TYPE>
	<TYPE code="10901000">Error occurred while communicating from server to client. Please check the network status and server protocol version</TYPE>
	<TYPE code="10901001">User have forced log out by server. Please try log in again</TYPE>
	<TYPE code="10902000">Error occurred to communicate from client to server. Please check the network status and server protocol version</TYPE>
	<TYPE code="10902001">Client can not get data from server</TYPE>
	<TYPE code="10903000">The service that you've requested is not supported in this server.</TYPE>
	<TYPE code="17001001">DataBind configuration file does not exist.</TYPE>
	<TYPE code="18000000">Runtime error occurred.</TYPE>
	<TYPE code="19002000">The user registered in the server does not exist.</TYPE>
	<TYPE code="10606031">Error occurred while creating release file.</TYPE>
	<TYPE code="20001010">Request denied due to service confirmation failure.</TYPE>
	<TYPE code="20001011">Current IP address is not allowed to confirm service. </TYPE>
	<TYPE code="20001012">Not supported service.</TYPE>
	<TYPE code="20001013">Exceeded maximum concurrent service process count.</TYPE>
	<TYPE code="20001020">Failed to confirm using database connection.</TYPE>
	<TYPE code="20001030">Failed to confirm using UDS.</TYPE>
	<TYPE code="20001031">Requested UDS is not allowed to use.</TYPE>
	<TYPE code="20001032">Requested UDS is not in service temporarily.</TYPE>
	<TYPE code="20001033">Requested UDS is not in service permanently.</TYPE>
	<TYPE code="21001001">Cannot open file because the encrypted module does not match.</TYPE>
	<TYPE code="20101010">TaskHoliday service doesn't support.</TYPE>
	<TYPE code="20301004">Cannot read log file.</TYPE>
	<TYPE code="10200001">The service code doesn’t support.</TYPE>
	<TYPE code="10200002">Error occurred during connecting to the client.</TYPE>
	<TYPE code="10200003">The protocol version doesn’t match.</TYPE>
	<TYPE code="10200004">The service class doesn’t support.</TYPE>
	<TYPE code="10200005">Error occurred during creating service class.</TYPE>
	<TYPE code="10200006">Can not connect to OZ Push Server.</TYPE>
	<TYPE code="10300001">Can not find Observer object.</TYPE>
	<TYPE code="10300002">The client which registered in Observer is does not exists.</TYPE>
	<TYPE code="10300003">The same Observer object name is already exists.</TYPE>
	<TYPE code="10300004">Fail to load Observer Class. Please retry server after check the ClassPath.</TYPE>
	<TYPE code="10400001">Can not find requested Log file.</TYPE>
	<TYPE code="10400002">Error occurred during read requested Log file.</TYPE>
	<TYPE code="10500001">Error occurred during save configuration file.</TYPE>	
</SERVERMESSAGERESOURCE>
