<?xml version="1.0" encoding="UTF-8"?>
<!-- edited with XML Spy v4.3 U (http://www.xmlspy.com) by lju (forcs) -->
<VIEWERMESSAGERESOURCE VERSION="2.0">
	<TYPE code="1020010000">パラメーター</TYPE>
	<TYPE code="1020010009">OZ ServerのDaemon形式あるいはServlet形式に対する情報が見つかりません。</TYPE>
	<TYPE code="1020010010">OZ ServerのDaemon形式とServlet形式の接続情報が両方存在します。どちらか1つを入力してください。</TYPE>
	<TYPE code="1020010012">OZ ServerのPort番号が正しくありません。</TYPE>
	<TYPE code="1020010013">要求したレポートがOZ Serverに存在しません。</TYPE>
	<TYPE code="1020020000">印刷</TYPE>
	<TYPE code="1020020001">選択したページが存在しません。印刷を取り消します。</TYPE>
	<TYPE code="1020020002">指定したプリンタを使用することができないため、限定プリンタを使用します。</TYPE>
	<TYPE code="1020020003">印刷中にエラーが発生しました。</TYPE>
	<TYPE code="1020020004">プリンタ情報を取り込むるために必要なメモリを割り当てることができません。</TYPE>
	<TYPE code="1020020005">ユーザーPCに使用可能なプリンタが存在しません。限定プリンタあるいは指定したプリンタを確認してください。</TYPE>
	<TYPE code="1020020006">印刷のためのDevice Contextの生成に失敗しました。</TYPE>
	<TYPE code="1020020007">印刷文書を生成することができません。</TYPE>
	<TYPE code="1020020008">印刷終了中にエラーが発生しました。</TYPE>
	<TYPE code="1020020009">印刷中、文書のページを生成する際にエラーが発生しました。</TYPE>
	<TYPE code="1020020010">印刷の終了中にエラーが発生しました。</TYPE>
	<TYPE code="1020020011">プリンタの初期化情報を設定することができません。設定値を確認してください。</TYPE>
	<TYPE code="1020020012">印刷設定値を整数に変換することができません。</TYPE>
	<TYPE code="1020030000">レポート ローダ</TYPE>
	<TYPE code="1020030001">OZDファイルのパスワードが一致しません。</TYPE>
	<TYPE code="1020030002">レポート ローダを生成することができません。</TYPE>
	<TYPE code="1020030003">データの照会モードが分かりません。OZ Serverの設定値あるいはopenfileパラメーターの設定値を確認してください。</TYPE>
	<TYPE code="1020030004">テンプレートとデータを取り込むOZ Serverの情報が正しくありません。</TYPE>
	<TYPE code="1020030005">レポート管理情報が生成されていません。</TYPE>
	<TYPE code="1020030006">ローカルのSDM(OZデータモジュール)ファイルを読み込むことができません。</TYPE>
	<TYPE code="1020030007">テンプレート ファイルを開くことができません。</TYPE>
	<TYPE code="1020030008">テンプレート ファイルを閉じることができません。</TYPE>
	<TYPE code="1020030009">ユーザーが追加したメモ情報を保存することができません。</TYPE>
	<TYPE code="1020030010">レポートの生成中にエラーが発生しました。やり直してください。</TYPE>
	<TYPE code="1020030011">ODI情報が見つかりません。レポートに定義されたODI に対する情報をパラメーターで指定してください。</TYPE>
	<TYPE code="1020030012">パラメーター情報をOZDファイルで保存する際にエラーが発生しました。</TYPE>
	<TYPE code="1020040000">保存</TYPE>
	<TYPE code="1020040001">入力されたパスワードが一致しません。</TYPE>
	<TYPE code="1020040002">OZDファイル内部のデータ情報が正しくありません。</TYPE>
	<TYPE code="1020040006">OZ Report Viewerが使用する一時作業フォルダ名を取り込むことができません。</TYPE>
	<TYPE code="1020040007">一時レポート テンプレート ファイルを生成することができません。</TYPE>
	<TYPE code="1020040008">OZDファイルを保存することができません。</TYPE>
	<TYPE code="1020040011">OZDファイルを開くための一時ファイルを生成することができません。</TYPE>
	<TYPE code="1020040012">有効なOZDファイルではありません。</TYPE>
	<TYPE code="1020040013">OZDファイルが変更されましたか、有効ではありません。</TYPE>
	<TYPE code="1020050000">バインド スレッド</TYPE>
	<TYPE code="1020060000">エクスポート スレッド</TYPE>
	<TYPE code="1020070000">文書</TYPE>
	<TYPE code="1020070001"> 照会されたデータがありません。</TYPE>
	<TYPE code="1020070002">レポート テンプレートの情報が正しくありません。</TYPE>
	<TYPE code="1020070003">レポートのバインディング作業を遂行することができません。</TYPE>
	<TYPE code="1020070004">OZレポート管理情報を生成することができません</TYPE>
	<TYPE code="1020070005">レポートの拡大/縮小値を整数に変換する際にエラーが発生しました。</TYPE>
	<TYPE code="1020080000">タイル文書</TYPE>
	<TYPE code="1020080001">レポート レイアウト ウィンドウのレポート アイコンを表示する際にエラーが発生しました。</TYPE>
	<TYPE code="1020080003">ページ移動ボタンの機能にエラーが発生しました。</TYPE>
	<TYPE code="1020090000">エクスポート</TYPE>
	<TYPE code="1020090001">エクスポートするファイルのパスを入力あるいは選択してください。</TYPE>
	<TYPE code="1020090002">エクスポートするコンポーネントが存在しません。</TYPE>
	<TYPE code="1020090003">保存しようとするファイルが既に開いています。編集中のファイルを閉じ、再試行してください。</TYPE>
	<TYPE code="1020090004">保存しようとするファイルを正常に閉じることができません。</TYPE>
	<TYPE code="1020090005">イメージ形式が正しくありません。</TYPE>
	<TYPE code="1020090006">サポートしていないイメージ形式です。</TYPE>
	<TYPE code="1020090007">サポートしていないエクスポート形式か、現在オプションでサポートされていない形式です。</TYPE>
	<TYPE code="1020090008">エクスポートするフォルダを生成することができません。</TYPE>
	<TYPE code="1020090009">OZDファイルでエクスポートすることができません。</TYPE>
	<TYPE code="1020090010">エクスポートするファイル名が入力されていません。</TYPE>
	<TYPE code="1020090011">エクスポートしたファイルを実行することができません。</TYPE>
	<TYPE code="1020090012">イメージ ファイルを実行することができません。</TYPE>
	<TYPE code="1020100000">テキスト</TYPE>
	<TYPE code="1020100001">指定されている行削除値が数値ではありません。</TYPE>
	<TYPE code="1020100002">ページ間の行数を設定したパラメーター値にエラーが発生しました。</TYPE>
	<TYPE code="1020110000">Word</TYPE>
	<TYPE code="1020110001">MS-Wordファイルを生成する際にエラーが発生しました。</TYPE>
	<TYPE code="1020110002">MS-Wordで保存できる範囲を超えました。</TYPE>
	<TYPE code="1020120000">MS-Power Point</TYPE>
	<TYPE code="1020120001">MS-Power Pointファイルを生成する際にエラーが発生しました。</TYPE>
	<TYPE code="1020130000">MS-Excel</TYPE>
	<TYPE code="1020130001">MS-Excelファイルを生成する際エラーが発生しました。</TYPE>
	<TYPE code="1020140000">レポート マネージャ</TYPE>
	<TYPE code="1020140001">OZD形式で保存するテンプレートとデータが存在しません。</TYPE>
	<TYPE code="1020150000">レポート ビュー</TYPE>
	<TYPE code="1020150001">子レポートが開いているため、このレポートを閉じることができません。</TYPE>
	<TYPE code="1020150002">現在のページ情報を取り込むことができません。</TYPE>
	<TYPE code="1020150003">現在のページを画面に表示することができません。</TYPE>
	<TYPE code="1020160000">キャッシュ</TYPE>
	<TYPE code="1020160001">ユーザーが設定したバージョン情報とOZ Serverのテンプレートのバージョン情報が異なります。OZ Serverのテンプレートのバージョン情報でキャッシュします。</TYPE>
	<TYPE code="1020160002">キャッシュするテンプレート ファイルのサイズが 0 です。</TYPE>
	<TYPE code="1020160003">キャッシュしたテンプレート ファイルを読み込むことができません。</TYPE>
	<TYPE code="1020160004">テンプレート ファイルをキャッシュする際にバージョン情報を比較することができません。</TYPE>
	<TYPE code="1020160005">一時ファイルを削除することができません。</TYPE>
	<TYPE code="1020160006">エンコードしたキャッシュ ファイルの保存時にエラーが発生しました。</TYPE>
	<TYPE code="1020160007">バージョン情報が正しくありません。</TYPE>
	<TYPE code="1020170000">フレーム</TYPE>
	<TYPE code="1020170001">現在レポートを生成中です。作業を完了しなければなりません。</TYPE>
	<TYPE code="1020180000">アプリケーション</TYPE>
	<TYPE code="1020180001">一時ファイルのロックを解除中にエラーが発生しました。</TYPE>
	<TYPE code="1020180002">OZ Report Viewer が使用した一時フォルダの削除中にエラーが発生しました。</TYPE>
	<TYPE code="1020180003">OZ Report Viewer が使用する一時フォルダを生成することができません。</TYPE>
	<TYPE code="1020180004">ヘルプ ファイルを実行することができません。</TYPE>
	<TYPE code="1020200000">PDF</TYPE>
	<TYPE code="1020200001">PDFを生成する際にエラーが発生しました。</TYPE>
	<TYPE code="1020200002">PDFファイルを生成する際にエラーが発生しました。</TYPE>
	<TYPE code="1020200003">PDFファイルで保存する際にエラーが発生しました。</TYPE>
	<TYPE code="1020220000">一般</TYPE>
	<TYPE code="1020220001">エクスポートするページが存在しません。</TYPE>
	<TYPE code="1020220002">不明なエラーが発生しました。</TYPE>
	<TYPE code="1020220003">レポート バインディング中にエラーが発生しました。詳しい内容はコンソール ログを確認してください。</TYPE>
	<TYPE code="1020220004">レポート バインディング中にエラーが発生しました。以後のレポート バインディング作業は行いません。</TYPE>
	<TYPE code="1020230000">ダイレクト</TYPE>
	<TYPE code="1020230001">直接印刷することができません。</TYPE>
	<TYPE code="1020230002">直接エクスポートすることができません。</TYPE>
	<TYPE code="1020240000">プリント スレッド</TYPE>
	<TYPE code="1020240001">レポートを印刷することができません。</TYPE>
	<TYPE code="1020250000">メモ</TYPE>
	<TYPE code="1020250001">メモ情報を読み込むことができません。</TYPE>
	<TYPE code="1020260000">ユーザー インタフェース</TYPE>
	<TYPE code="1020270000">Active X</TYPE>
	<TYPE code="1020280000">メール</TYPE>
	<TYPE code="1020280001">メールを配信することができません。</TYPE>
</VIEWERMESSAGERESOURCE>
